"","x"
"C:\Users\super\OneDrive\Desktop\Files\Beesearch\Files\tpsdig\Wing Images\Agapostemon texanus\UCSB-IZC00008208_L",0.263024724313134
"C:\Users\super\OneDrive\Desktop\Files\Beesearch\Files\tpsdig\Wing Images\Agapostemon texanus\UCSB-IZC00008208_R",0.25781249105503
"C:\Users\super\OneDrive\Desktop\Files\Beesearch\Files\tpsdig\Wing Images\Agapostemon texanus\UCSB-IZC00012323_L",0.245113189998236
"C:\Users\super\OneDrive\Desktop\Files\Beesearch\Files\tpsdig\Wing Images\Agapostemon texanus\UCSB-IZC00012323_R",0.242768686979556
"C:\Users\super\OneDrive\Desktop\Files\Beesearch\Files\tpsdig\Wing Images\Agapostemon texanus\UCSB-IZC00012454_L",0.256761684252149
"C:\Users\super\OneDrive\Desktop\Files\Beesearch\Files\tpsdig\Wing Images\Agapostemon texanus\UCSB-IZC00012454_R",0.254285948786007
"C:\Users\super\OneDrive\Desktop\Files\Beesearch\Files\tpsdig\Wing Images\Agapostemon texanus\UCSB-IZC00036078_L",0.238552470643253
"C:\Users\super\OneDrive\Desktop\Files\Beesearch\Files\tpsdig\Wing Images\Agapostemon texanus\UCSB-IZC00036078_R",0.235762725001218
"C:\Users\super\OneDrive\Desktop\Files\Beesearch\Files\tpsdig\Wing Images\Agapostemon texanus\UCSB-IZC00036320_L",0.291759265062825
"C:\Users\super\OneDrive\Desktop\Files\Beesearch\Files\tpsdig\Wing Images\Agapostemon texanus\UCSB-IZC00036320_R",0.287573631875386
"C:\Users\super\OneDrive\Desktop\Files\Beesearch\Files\tpsdig\Wing Images\Agapostemon texanus\UCSB-IZC00036326_L",0.240360845534376
"C:\Users\super\OneDrive\Desktop\Files\Beesearch\Files\tpsdig\Wing Images\Agapostemon texanus\UCSB-IZC00036326_R",0.238693383259779
"C:\Users\super\OneDrive\Desktop\Files\Beesearch\Files\tpsdig\Wing Images\Agapostemon texanus\UCSB-IZC00036466_L",0.257286388906301
"C:\Users\super\OneDrive\Desktop\Files\Beesearch\Files\tpsdig\Wing Images\Agapostemon texanus\UCSB-IZC00036466_R",0.255626864455032
"C:\Users\super\OneDrive\Desktop\Files\Beesearch\Files\tpsdig\Wing Images\Agapostemon texanus\UCSB-IZC00036601_L",0.264694373402819
"C:\Users\super\OneDrive\Desktop\Files\Beesearch\Files\tpsdig\Wing Images\Agapostemon texanus\UCSB-IZC00036601_R",0.264079608237954
"C:\Users\super\OneDrive\Desktop\Files\Beesearch\Files\tpsdig\Wing Images\Agapostemon texanus\UCSB-IZC00036757_L",0.268187469789325
"C:\Users\super\OneDrive\Desktop\Files\Beesearch\Files\tpsdig\Wing Images\Agapostemon texanus\UCSB-IZC00036757_R",0.264507120766152
"C:\Users\super\OneDrive\Desktop\Files\Beesearch\Files\tpsdig\Wing Images\Agapostemon texanus\UCSB-IZC00036766_L",0.248655159367346
"C:\Users\super\OneDrive\Desktop\Files\Beesearch\Files\tpsdig\Wing Images\Agapostemon texanus\UCSB-IZC00036766_R",0.248959239692855
"C:\Users\super\OneDrive\Desktop\Files\Beesearch\Files\tpsdig\Wing Images\Agapostemon texanus\UCSB-IZC00037252_L",0.269229724627707
"C:\Users\super\OneDrive\Desktop\Files\Beesearch\Files\tpsdig\Wing Images\Agapostemon texanus\UCSB-IZC00037252_R",0.269244386842553
"C:\Users\super\OneDrive\Desktop\Files\Beesearch\Files\tpsdig\Wing Images\Agapostemon texanus\UCSB-IZC00037720_L",0.262585527549068
"C:\Users\super\OneDrive\Desktop\Files\Beesearch\Files\tpsdig\Wing Images\Agapostemon texanus\UCSB-IZC00037720_R",0.261940479452871
"C:\Users\super\OneDrive\Desktop\Files\Beesearch\Files\tpsdig\Wing Images\Agapostemon texanus\UCSB-IZC00038830_L",0.255030463187788
"C:\Users\super\OneDrive\Desktop\Files\Beesearch\Files\tpsdig\Wing Images\Agapostemon texanus\UCSB-IZC00038830_R",0.255213890177544
"C:\Users\super\OneDrive\Desktop\Files\Beesearch\Files\tpsdig\Wing Images\Agapostemon texanus\UCSB-IZC00039879_L",0.249792183121179
"C:\Users\super\OneDrive\Desktop\Files\Beesearch\Files\tpsdig\Wing Images\Agapostemon texanus\UCSB-IZC00039879_R",0.250436064797208
"C:\Users\super\OneDrive\Desktop\Files\Beesearch\Files\tpsdig\Wing Images\Agapostemon texanus\UCSB-IZC00040751_L",0.275114110760527
"C:\Users\super\OneDrive\Desktop\Files\Beesearch\Files\tpsdig\Wing Images\Agapostemon texanus\UCSB-IZC00040751_R",0.274691733941886
"C:\Users\super\OneDrive\Desktop\Files\Beesearch\Files\tpsdig\Wing Images\Agapostemon texanus\UCSB-IZC00040844_L",0.23409724625273
"C:\Users\super\OneDrive\Desktop\Files\Beesearch\Files\tpsdig\Wing Images\Agapostemon texanus\UCSB-IZC00040844_R",0.232643632915238
"C:\Users\super\OneDrive\Desktop\Files\Beesearch\Files\tpsdig\Wing Images\Agapostemon texanus\UCSB-IZC00041034_L",0.236509719820936
"C:\Users\super\OneDrive\Desktop\Files\Beesearch\Files\tpsdig\Wing Images\Agapostemon texanus\UCSB-IZC00041034_R",0.236446374863308
"C:\Users\super\OneDrive\Desktop\Files\Beesearch\Files\tpsdig\Wing Images\Agapostemon texanus\UCSB-IZC00041462_L",0.256412331911795
"C:\Users\super\OneDrive\Desktop\Files\Beesearch\Files\tpsdig\Wing Images\Agapostemon texanus\UCSB-IZC00041462_R",0.254216823515326
"C:\Users\super\OneDrive\Desktop\Files\Beesearch\Files\tpsdig\Wing Images\Agapostemon texanus\UCSB-IZC00041511_L",0.259562526655054
"C:\Users\super\OneDrive\Desktop\Files\Beesearch\Files\tpsdig\Wing Images\Agapostemon texanus\UCSB-IZC00041511_R",0.256380144684499
"C:\Users\super\OneDrive\Desktop\Files\Beesearch\Files\tpsdig\Wing Images\Agapostemon texanus\UCSB-IZC00041517_L",0.265271333255426
"C:\Users\super\OneDrive\Desktop\Files\Beesearch\Files\tpsdig\Wing Images\Agapostemon texanus\UCSB-IZC00041517_R",0.265498499730434
"C:\Users\super\OneDrive\Desktop\Files\Beesearch\Files\tpsdig\Wing Images\Agapostemon texanus\UCSB-IZC00041521_L",0.259494317999022
"C:\Users\super\OneDrive\Desktop\Files\Beesearch\Files\tpsdig\Wing Images\Agapostemon texanus\UCSB-IZC00041521_R",0.258259509995491
"C:\Users\super\OneDrive\Desktop\Files\Beesearch\Files\tpsdig\Wing Images\Agapostemon texanus\UCSB-IZC00041836_L",0.266321207355162
"C:\Users\super\OneDrive\Desktop\Files\Beesearch\Files\tpsdig\Wing Images\Agapostemon texanus\UCSB-IZC00041836_R",0.264474802165432
"C:\Users\super\OneDrive\Desktop\Files\Beesearch\Files\tpsdig\Wing Images\Agapostemon texanus\UCSB-IZC00042265_L",0.275118065180105
"C:\Users\super\OneDrive\Desktop\Files\Beesearch\Files\tpsdig\Wing Images\Agapostemon texanus\UCSB-IZC00042265_R",0.272661191011034
"C:\Users\super\OneDrive\Desktop\Files\Beesearch\Files\tpsdig\Wing Images\Agapostemon texanus\UCSB-IZC00042308_L",0.26881099496197
"C:\Users\super\OneDrive\Desktop\Files\Beesearch\Files\tpsdig\Wing Images\Agapostemon texanus\UCSB-IZC00042308_R",0.269804071200648
"C:\Users\super\OneDrive\Desktop\Files\Beesearch\Files\tpsdig\Wing Images\Agapostemon texanus\UCSB-IZC00042456_L",0.267264505520488
"C:\Users\super\OneDrive\Desktop\Files\Beesearch\Files\tpsdig\Wing Images\Agapostemon texanus\UCSB-IZC00042456_R",0.262662079147756
"C:\Users\super\OneDrive\Desktop\Files\Beesearch\Files\tpsdig\Wing Images\Agapostemon texanus\UCSB-IZC00042465_L",0.272102175202625
"C:\Users\super\OneDrive\Desktop\Files\Beesearch\Files\tpsdig\Wing Images\Agapostemon texanus\UCSB-IZC00042465_R",0.268123572257271
"C:\Users\super\OneDrive\Desktop\Files\Beesearch\Files\tpsdig\Wing Images\Agapostemon texanus\UCSB-IZC00042678_L",0.25648397854447
"C:\Users\super\OneDrive\Desktop\Files\Beesearch\Files\tpsdig\Wing Images\Agapostemon texanus\UCSB-IZC00042678_R",0.257313524712558
"C:\Users\super\OneDrive\Desktop\Files\Beesearch\Files\tpsdig\Wing Images\Agapostemon texanus\UCSB-IZC00043427_L",0.244561214218445
"C:\Users\super\OneDrive\Desktop\Files\Beesearch\Files\tpsdig\Wing Images\Agapostemon texanus\UCSB-IZC00043427_R",0.24450089468139
"C:\Users\super\OneDrive\Desktop\Files\Beesearch\Files\tpsdig\Wing Images\Agapostemon texanus\UCSB-IZC00044054_L",0.263520456985791
"C:\Users\super\OneDrive\Desktop\Files\Beesearch\Files\tpsdig\Wing Images\Agapostemon texanus\UCSB-IZC00044054_R",0.262188982415356
"C:\Users\super\OneDrive\Desktop\Files\Beesearch\Files\tpsdig\Wing Images\Agapostemon texanus\UCSB-IZC00046949_L",0.25605608516495
"C:\Users\super\OneDrive\Desktop\Files\Beesearch\Files\tpsdig\Wing Images\Agapostemon texanus\UCSB-IZC00046949_R",0.255373317419812
"C:\Users\super\OneDrive\Desktop\Files\Beesearch\Files\tpsdig\Wing Images\Apis melifera\UCSB-IZC00009007_L",0.311043146142139
"C:\Users\super\OneDrive\Desktop\Files\Beesearch\Files\tpsdig\Wing Images\Apis melifera\UCSB-IZC00009007_R",0.314882151669478
"C:\Users\super\OneDrive\Desktop\Files\Beesearch\Files\tpsdig\Wing Images\Apis melifera\UCSB-IZC00009049_L",0.315033221327529
"C:\Users\super\OneDrive\Desktop\Files\Beesearch\Files\tpsdig\Wing Images\Apis melifera\UCSB-IZC00009049_R",0.313479170851908
"C:\Users\super\OneDrive\Desktop\Files\Beesearch\Files\tpsdig\Wing Images\Apis melifera\UCSB-IZC00009052_L",0.306460457226631
"C:\Users\super\OneDrive\Desktop\Files\Beesearch\Files\tpsdig\Wing Images\Apis melifera\UCSB-IZC00009052_R",0.296579588974772
"C:\Users\super\OneDrive\Desktop\Files\Beesearch\Files\tpsdig\Wing Images\Apis melifera\UCSB-IZC00010360_L",0.306332028768713
"C:\Users\super\OneDrive\Desktop\Files\Beesearch\Files\tpsdig\Wing Images\Apis melifera\UCSB-IZC00010360_R",0.283480500415813
"C:\Users\super\OneDrive\Desktop\Files\Beesearch\Files\tpsdig\Wing Images\Apis melifera\UCSB-IZC00010381_L",0.323110064498152
"C:\Users\super\OneDrive\Desktop\Files\Beesearch\Files\tpsdig\Wing Images\Apis melifera\UCSB-IZC00010381_R",0.323652367539618
"C:\Users\super\OneDrive\Desktop\Files\Beesearch\Files\tpsdig\Wing Images\Apis melifera\UCSB-IZC00010413_L",0.303020988682302
"C:\Users\super\OneDrive\Desktop\Files\Beesearch\Files\tpsdig\Wing Images\Apis melifera\UCSB-IZC00010413_R",0.303161157066666
"C:\Users\super\OneDrive\Desktop\Files\Beesearch\Files\tpsdig\Wing Images\Apis melifera\UCSB-IZC00010479_L",0.317266996502945
"C:\Users\super\OneDrive\Desktop\Files\Beesearch\Files\tpsdig\Wing Images\Apis melifera\UCSB-IZC00010479_R",0.31606307080075
"C:\Users\super\OneDrive\Desktop\Files\Beesearch\Files\tpsdig\Wing Images\Apis melifera\UCSB-IZC00010507_L",0.308566931974248
"C:\Users\super\OneDrive\Desktop\Files\Beesearch\Files\tpsdig\Wing Images\Apis melifera\UCSB-IZC00010507_R",0.306262968629901
"C:\Users\super\OneDrive\Desktop\Files\Beesearch\Files\tpsdig\Wing Images\Apis melifera\UCSB-IZC00010508_L",0.30539531322206
"C:\Users\super\OneDrive\Desktop\Files\Beesearch\Files\tpsdig\Wing Images\Apis melifera\UCSB-IZC00010508_R",0.309710637734644
"C:\Users\super\OneDrive\Desktop\Files\Beesearch\Files\tpsdig\Wing Images\Apis melifera\UCSB-IZC00010536_L",0.315237485426464
"C:\Users\super\OneDrive\Desktop\Files\Beesearch\Files\tpsdig\Wing Images\Apis melifera\UCSB-IZC00010536_R",0.313075788153604
"C:\Users\super\OneDrive\Desktop\Files\Beesearch\Files\tpsdig\Wing Images\Apis melifera\UCSB-IZC00010537_L",0.324993461114391
"C:\Users\super\OneDrive\Desktop\Files\Beesearch\Files\tpsdig\Wing Images\Apis melifera\UCSB-IZC00010537_R",0.325704667945944
"C:\Users\super\OneDrive\Desktop\Files\Beesearch\Files\tpsdig\Wing Images\Apis melifera\UCSB-IZC00010554_L",0.316602110384628
"C:\Users\super\OneDrive\Desktop\Files\Beesearch\Files\tpsdig\Wing Images\Apis melifera\UCSB-IZC00010554_R",0.322570099848079
"C:\Users\super\OneDrive\Desktop\Files\Beesearch\Files\tpsdig\Wing Images\Apis melifera\UCSB-IZC00010556_L",0.296195132822191
"C:\Users\super\OneDrive\Desktop\Files\Beesearch\Files\tpsdig\Wing Images\Apis melifera\UCSB-IZC00010556_R",0.300493468571652
"C:\Users\super\OneDrive\Desktop\Files\Beesearch\Files\tpsdig\Wing Images\Apis melifera\UCSB-IZC00010847_L",0.332354753698514
"C:\Users\super\OneDrive\Desktop\Files\Beesearch\Files\tpsdig\Wing Images\Apis melifera\UCSB-IZC00010847_R",0.332591396205614
"C:\Users\super\OneDrive\Desktop\Files\Beesearch\Files\tpsdig\Wing Images\Apis melifera\UCSB-IZC00010881_L",0.311105627398656
"C:\Users\super\OneDrive\Desktop\Files\Beesearch\Files\tpsdig\Wing Images\Apis melifera\UCSB-IZC00010881_R",0.306176064143202
"C:\Users\super\OneDrive\Desktop\Files\Beesearch\Files\tpsdig\Wing Images\Apis melifera\UCSB-IZC00016671_L",0.323917455756864
"C:\Users\super\OneDrive\Desktop\Files\Beesearch\Files\tpsdig\Wing Images\Apis melifera\UCSB-IZC00016671_R",0.328182287297776
"C:\Users\super\OneDrive\Desktop\Files\Beesearch\Files\tpsdig\Wing Images\Apis melifera\UCSB-IZC00019263_L",0.320172213959925
"C:\Users\super\OneDrive\Desktop\Files\Beesearch\Files\tpsdig\Wing Images\Apis melifera\UCSB-IZC00019263_R",0.322777458086665
"C:\Users\super\OneDrive\Desktop\Files\Beesearch\Files\tpsdig\Wing Images\Apis melifera\UCSB-IZC00026242_L",0.318515990065038
"C:\Users\super\OneDrive\Desktop\Files\Beesearch\Files\tpsdig\Wing Images\Apis melifera\UCSB-IZC00026242_R",0.321114366918981
"C:\Users\super\OneDrive\Desktop\Files\Beesearch\Files\tpsdig\Wing Images\Apis melifera\UCSB-IZC00030944_L",0.321510399440585
"C:\Users\super\OneDrive\Desktop\Files\Beesearch\Files\tpsdig\Wing Images\Apis melifera\UCSB-IZC00030944_R",0.319584203173784
"C:\Users\super\OneDrive\Desktop\Files\Beesearch\Files\tpsdig\Wing Images\Apis melifera\UCSB-IZC00033241_L",0.328051900228878
"C:\Users\super\OneDrive\Desktop\Files\Beesearch\Files\tpsdig\Wing Images\Apis melifera\UCSB-IZC00033241_R",0.327203306138554
"C:\Users\super\OneDrive\Desktop\Files\Beesearch\Files\tpsdig\Wing Images\Apis melifera\UCSB-IZC00034449_L",0.305829343147449
"C:\Users\super\OneDrive\Desktop\Files\Beesearch\Files\tpsdig\Wing Images\Apis melifera\UCSB-IZC00034449_R",0.300823031747903
"C:\Users\super\OneDrive\Desktop\Files\Beesearch\Files\tpsdig\Wing Images\Apis melifera\UCSB-IZC00034914_L",0.320019248399217
"C:\Users\super\OneDrive\Desktop\Files\Beesearch\Files\tpsdig\Wing Images\Apis melifera\UCSB-IZC00034914_R",0.321303082898375
"C:\Users\super\OneDrive\Desktop\Files\Beesearch\Files\tpsdig\Wing Images\Apis melifera\UCSB-IZC00036056_L",0.315214895212069
"C:\Users\super\OneDrive\Desktop\Files\Beesearch\Files\tpsdig\Wing Images\Apis melifera\UCSB-IZC00036056_R",0.316252080683889
"C:\Users\super\OneDrive\Desktop\Files\Beesearch\Files\tpsdig\Wing Images\Apis melifera\UCSB-IZC00036167_L",0.312494776940529
"C:\Users\super\OneDrive\Desktop\Files\Beesearch\Files\tpsdig\Wing Images\Apis melifera\UCSB-IZC00036167_R",0.314455438198236
"C:\Users\super\OneDrive\Desktop\Files\Beesearch\Files\tpsdig\Wing Images\Apis melifera\UCSB-IZC00036441_L",0.30555990170905
"C:\Users\super\OneDrive\Desktop\Files\Beesearch\Files\tpsdig\Wing Images\Apis melifera\UCSB-IZC00036441_R",0.307098398308353
"C:\Users\super\OneDrive\Desktop\Files\Beesearch\Files\tpsdig\Wing Images\Apis melifera\UCSB-IZC00036553_L",0.317991590963591
"C:\Users\super\OneDrive\Desktop\Files\Beesearch\Files\tpsdig\Wing Images\Apis melifera\UCSB-IZC00036553_R",0.315880099081211
"C:\Users\super\OneDrive\Desktop\Files\Beesearch\Files\tpsdig\Wing Images\Apis melifera\UCSB-IZC00036565_L",0.317633504075233
"C:\Users\super\OneDrive\Desktop\Files\Beesearch\Files\tpsdig\Wing Images\Apis melifera\UCSB-IZC00036565_R",0.319835531071831
"C:\Users\super\OneDrive\Desktop\Files\Beesearch\Files\tpsdig\Wing Images\Apis melifera\UCSB-IZC00037222_L",0.321574226266831
"C:\Users\super\OneDrive\Desktop\Files\Beesearch\Files\tpsdig\Wing Images\Apis melifera\UCSB-IZC00037222_R",0.324307376216522
"C:\Users\super\OneDrive\Desktop\Files\Beesearch\Files\tpsdig\Wing Images\Apis melifera\UCSB-IZC00038548_L",0.315471873205837
"C:\Users\super\OneDrive\Desktop\Files\Beesearch\Files\tpsdig\Wing Images\Apis melifera\UCSB-IZC00038548_R",0.31487378427413
"C:\Users\super\OneDrive\Desktop\Files\Beesearch\Files\tpsdig\Wing Images\Apis melifera\UCSB-IZC00038673_L",0.302415779707343
"C:\Users\super\OneDrive\Desktop\Files\Beesearch\Files\tpsdig\Wing Images\Apis melifera\UCSB-IZC00038673_R",0.306454215007723
"C:\Users\super\OneDrive\Desktop\Files\Beesearch\Files\tpsdig\Wing Images\Apis melifera\UCSB-IZC00038889_L",0.30181543216012
"C:\Users\super\OneDrive\Desktop\Files\Beesearch\Files\tpsdig\Wing Images\Apis melifera\UCSB-IZC00038889_R",0.306330020448535
"C:\Users\super\OneDrive\Desktop\Files\Beesearch\Files\tpsdig\Wing Images\Apis melifera\UCSB-IZC00038891_L",0.320797352984369
"C:\Users\super\OneDrive\Desktop\Files\Beesearch\Files\tpsdig\Wing Images\Apis melifera\UCSB-IZC00038891_R",0.321573854868693
"C:\Users\super\OneDrive\Desktop\Files\Beesearch\Files\tpsdig\Wing Images\Apis melifera\UCSB-IZC00040410_L",0.317737861956816
"C:\Users\super\OneDrive\Desktop\Files\Beesearch\Files\tpsdig\Wing Images\Apis melifera\UCSB-IZC00040410_R",0.315025311039535
"C:\Users\super\OneDrive\Desktop\Files\Beesearch\Files\tpsdig\Wing Images\Apis melifera\UCSB-IZC00040910_L",0.314800427168636
"C:\Users\super\OneDrive\Desktop\Files\Beesearch\Files\tpsdig\Wing Images\Apis melifera\UCSB-IZC00040910_R",0.31536590597132
"C:\Users\super\OneDrive\Desktop\Files\Beesearch\Files\tpsdig\Wing Images\Apis melifera\UCSB-IZC00040988_L",0.32696775327002
"C:\Users\super\OneDrive\Desktop\Files\Beesearch\Files\tpsdig\Wing Images\Apis melifera\UCSB-IZC00040988_R",0.324219872013148
"C:\Users\super\OneDrive\Desktop\Files\Beesearch\Files\tpsdig\Wing Images\Apis melifera\UCSB-IZC00042293_L",0.304086005817433
"C:\Users\super\OneDrive\Desktop\Files\Beesearch\Files\tpsdig\Wing Images\Apis melifera\UCSB-IZC00042293_R",0.304626013258881
"C:\Users\super\OneDrive\Desktop\Files\Beesearch\Files\tpsdig\Wing Images\Apis melifera\UCSB-IZC00042371_L",0.308575388289475
"C:\Users\super\OneDrive\Desktop\Files\Beesearch\Files\tpsdig\Wing Images\Apis melifera\UCSB-IZC00042371_R",0.304931716038198
"C:\Users\super\OneDrive\Desktop\Files\Beesearch\Files\tpsdig\Wing Images\Apis melifera\UCSB-IZC00042399_L",0.323277810983405
"C:\Users\super\OneDrive\Desktop\Files\Beesearch\Files\tpsdig\Wing Images\Apis melifera\UCSB-IZC00042399_R",0.329072469321138
"C:\Users\super\OneDrive\Desktop\Files\Beesearch\Files\tpsdig\Wing Images\Apis melifera\UCSB-IZC00042463_L",0.318818393023015
"C:\Users\super\OneDrive\Desktop\Files\Beesearch\Files\tpsdig\Wing Images\Apis melifera\UCSB-IZC00042463_R",0.318239377631926
"C:\Users\super\OneDrive\Desktop\Files\Beesearch\Files\tpsdig\Wing Images\Apis melifera\UCSB-IZC00042543_L",0.294387267948191
"C:\Users\super\OneDrive\Desktop\Files\Beesearch\Files\tpsdig\Wing Images\Apis melifera\UCSB-IZC00042543_R",0.294664092641095
"C:\Users\super\OneDrive\Desktop\Files\Beesearch\Files\tpsdig\Wing Images\Apis melifera\UCSB-IZC00042591_L",0.319674464663664
"C:\Users\super\OneDrive\Desktop\Files\Beesearch\Files\tpsdig\Wing Images\Apis melifera\UCSB-IZC00042591_R",0.321822460505789
"C:\Users\super\OneDrive\Desktop\Files\Beesearch\Files\tpsdig\Wing Images\Apis melifera\UCSB-IZC00042691_L",0.301019143577281
"C:\Users\super\OneDrive\Desktop\Files\Beesearch\Files\tpsdig\Wing Images\Apis melifera\UCSB-IZC00042691_R",0.301319421212772
"C:\Users\super\OneDrive\Desktop\Files\Beesearch\Files\tpsdig\Wing Images\Apis melifera\UCSB-IZC00042834_L",0.314797674702339
"C:\Users\super\OneDrive\Desktop\Files\Beesearch\Files\tpsdig\Wing Images\Apis melifera\UCSB-IZC00042834_R",0.31576833167688
"C:\Users\super\OneDrive\Desktop\Files\Beesearch\Files\tpsdig\Wing Images\Apis melifera\UCSB-IZC00042882_L",0.315603458035554
"C:\Users\super\OneDrive\Desktop\Files\Beesearch\Files\tpsdig\Wing Images\Apis melifera\UCSB-IZC00042882_R",0.316648924523675
"C:\Users\super\OneDrive\Desktop\Files\Beesearch\Files\tpsdig\Wing Images\Apis melifera\UCSB-IZC00044306_L",0.310395284806326
"C:\Users\super\OneDrive\Desktop\Files\Beesearch\Files\tpsdig\Wing Images\Apis melifera\UCSB-IZC00044306_R",0.31422265814228
"C:\Users\super\OneDrive\Desktop\Files\Beesearch\Files\tpsdig\Wing Images\Apis melifera\UCSB-IZC00044443_L",0.311701534666667
"C:\Users\super\OneDrive\Desktop\Files\Beesearch\Files\tpsdig\Wing Images\Apis melifera\UCSB-IZC00044443_R",0.310539771109739
"C:\Users\super\OneDrive\Desktop\Files\Beesearch\Files\tpsdig\Wing Images\Apis melifera\UCSB-IZC00044716_L",0.318046763306907
"C:\Users\super\OneDrive\Desktop\Files\Beesearch\Files\tpsdig\Wing Images\Apis melifera\UCSB-IZC00044716_R",0.317746927837233
"C:\Users\super\OneDrive\Desktop\Files\Beesearch\Files\tpsdig\Wing Images\Apis melifera\UNKNOWN-BEE-1_L",0.327542124666601
"C:\Users\super\OneDrive\Desktop\Files\Beesearch\Files\tpsdig\Wing Images\Apis melifera\UNKNOWN-BEE-1_R",0.324760506805314
"C:\Users\super\OneDrive\Desktop\Files\Beesearch\Files\tpsdig\Wing Images\Bombus californicus\UCSB-IZC00010425_L",5.30707676283775
"C:\Users\super\OneDrive\Desktop\Files\Beesearch\Files\tpsdig\Wing Images\Bombus californicus\UCSB-IZC00010425_R",5.30062540165508
"C:\Users\super\OneDrive\Desktop\Files\Beesearch\Files\tpsdig\Wing Images\Bombus californicus\UCSB-IZC00010431_L",6.1369364474523
"C:\Users\super\OneDrive\Desktop\Files\Beesearch\Files\tpsdig\Wing Images\Bombus californicus\UCSB-IZC00010431_R",6.15810512364185
"C:\Users\super\OneDrive\Desktop\Files\Beesearch\Files\tpsdig\Wing Images\Bombus californicus\UCSB-IZC00010460_L",4.16139072128719
"C:\Users\super\OneDrive\Desktop\Files\Beesearch\Files\tpsdig\Wing Images\Bombus californicus\UCSB-IZC00010460_R",4.14609113232607
"C:\Users\super\OneDrive\Desktop\Files\Beesearch\Files\tpsdig\Wing Images\Bombus californicus\UCSB-IZC00010478_L",4.13068533632035
"C:\Users\super\OneDrive\Desktop\Files\Beesearch\Files\tpsdig\Wing Images\Bombus californicus\UCSB-IZC00010478_R",4.17548781967712
"C:\Users\super\OneDrive\Desktop\Files\Beesearch\Files\tpsdig\Wing Images\Bombus californicus\UCSB-IZC00010546_L",5.82368307709713
"C:\Users\super\OneDrive\Desktop\Files\Beesearch\Files\tpsdig\Wing Images\Bombus californicus\UCSB-IZC00010546_R",5.7566568315682
"C:\Users\super\OneDrive\Desktop\Files\Beesearch\Files\tpsdig\Wing Images\Bombus californicus\UCSB-IZC00028371_L",4.01903778215632
"C:\Users\super\OneDrive\Desktop\Files\Beesearch\Files\tpsdig\Wing Images\Bombus californicus\UCSB-IZC00028371_R",4.0079590920068
"C:\Users\super\OneDrive\Desktop\Files\Beesearch\Files\tpsdig\Wing Images\Bombus californicus\UCSB-IZC00035407_L",5.95525235216107
"C:\Users\super\OneDrive\Desktop\Files\Beesearch\Files\tpsdig\Wing Images\Bombus californicus\UCSB-IZC00035407_R",5.91805420068995
"C:\Users\super\OneDrive\Desktop\Files\Beesearch\Files\tpsdig\Wing Images\Bombus californicus\UCSB-IZC00035618_L",5.81245598871871
"C:\Users\super\OneDrive\Desktop\Files\Beesearch\Files\tpsdig\Wing Images\Bombus californicus\UCSB-IZC00035618_R",5.82265578148872
"C:\Users\super\OneDrive\Desktop\Files\Beesearch\Files\tpsdig\Wing Images\Bombus californicus\UCSB-IZC00041667_L",3.49832374505912
"C:\Users\super\OneDrive\Desktop\Files\Beesearch\Files\tpsdig\Wing Images\Bombus californicus\UCSB-IZC00041667_R",3.49246479249891
"C:\Users\super\OneDrive\Desktop\Files\Beesearch\Files\tpsdig\Wing Images\Bombus californicus\UCSB-IZC00042970_L",3.85381963648949
"C:\Users\super\OneDrive\Desktop\Files\Beesearch\Files\tpsdig\Wing Images\Bombus californicus\UCSB-IZC00042970_R",3.85612356276715
"C:\Users\super\OneDrive\Desktop\Files\Beesearch\Files\tpsdig\Wing Images\Bombus vosnesenskii\UCSB-IZC00000964_L",0.391562726836965
"C:\Users\super\OneDrive\Desktop\Files\Beesearch\Files\tpsdig\Wing Images\Bombus vosnesenskii\UCSB-IZC00000964_R",0.390363939635822
"C:\Users\super\OneDrive\Desktop\Files\Beesearch\Files\tpsdig\Wing Images\Bombus vosnesenskii\UCSB-IZC00006181_L",0.383445435429867
"C:\Users\super\OneDrive\Desktop\Files\Beesearch\Files\tpsdig\Wing Images\Bombus vosnesenskii\UCSB-IZC00006181_R",0.387576594936049
"C:\Users\super\OneDrive\Desktop\Files\Beesearch\Files\tpsdig\Wing Images\Bombus vosnesenskii\UCSB-IZC00009089_L",0.403254246132635
"C:\Users\super\OneDrive\Desktop\Files\Beesearch\Files\tpsdig\Wing Images\Bombus vosnesenskii\UCSB-IZC00009089_R",0.401590816260642
"C:\Users\super\OneDrive\Desktop\Files\Beesearch\Files\tpsdig\Wing Images\Bombus vosnesenskii\UCSB-IZC00009102_L",0.409435290746223
"C:\Users\super\OneDrive\Desktop\Files\Beesearch\Files\tpsdig\Wing Images\Bombus vosnesenskii\UCSB-IZC00009102_R",0.412555007259773
"C:\Users\super\OneDrive\Desktop\Files\Beesearch\Files\tpsdig\Wing Images\Bombus vosnesenskii\UCSB-IZC00010403_L",0.464315985141824
"C:\Users\super\OneDrive\Desktop\Files\Beesearch\Files\tpsdig\Wing Images\Bombus vosnesenskii\UCSB-IZC00010403_R",0.460232428235995
"C:\Users\super\OneDrive\Desktop\Files\Beesearch\Files\tpsdig\Wing Images\Bombus vosnesenskii\UCSB-IZC00035286_L",0.393979370992949
"C:\Users\super\OneDrive\Desktop\Files\Beesearch\Files\tpsdig\Wing Images\Bombus vosnesenskii\UCSB-IZC00035286_R",0.389603717716405
"C:\Users\super\OneDrive\Desktop\Files\Beesearch\Files\tpsdig\Wing Images\Bombus vosnesenskii\UCSB-IZC00035441_L",0.346754965038875
"C:\Users\super\OneDrive\Desktop\Files\Beesearch\Files\tpsdig\Wing Images\Bombus vosnesenskii\UCSB-IZC00035441_R",0.346616909354469
"C:\Users\super\OneDrive\Desktop\Files\Beesearch\Files\tpsdig\Wing Images\Bombus vosnesenskii\UCSB-IZC00035453_L",0.428219264657722
"C:\Users\super\OneDrive\Desktop\Files\Beesearch\Files\tpsdig\Wing Images\Bombus vosnesenskii\UCSB-IZC00035453_R(1)",0.430768743452911
"C:\Users\super\OneDrive\Desktop\Files\Beesearch\Files\tpsdig\Wing Images\Bombus vosnesenskii\UCSB-IZC00035453_R",0.429234957859782
"C:\Users\super\OneDrive\Desktop\Files\Beesearch\Files\tpsdig\Wing Images\Bombus vosnesenskii\UCSB-IZC00035519_L",0.320794676614186
"C:\Users\super\OneDrive\Desktop\Files\Beesearch\Files\tpsdig\Wing Images\Bombus vosnesenskii\UCSB-IZC00035519_R",0.319243246699998
"C:\Users\super\OneDrive\Desktop\Files\Beesearch\Files\tpsdig\Wing Images\Bombus vosnesenskii\UCSB-IZC00035534_L",0.376082226243145
"C:\Users\super\OneDrive\Desktop\Files\Beesearch\Files\tpsdig\Wing Images\Bombus vosnesenskii\UCSB-IZC00035534_R",0.375945310746124
"C:\Users\super\OneDrive\Desktop\Files\Beesearch\Files\tpsdig\Wing Images\Bombus vosnesenskii\UCSB-IZC00035538_L",0.438509501069247
"C:\Users\super\OneDrive\Desktop\Files\Beesearch\Files\tpsdig\Wing Images\Bombus vosnesenskii\UCSB-IZC00035538_R",0.437421436328857
"C:\Users\super\OneDrive\Desktop\Files\Beesearch\Files\tpsdig\Wing Images\Bombus vosnesenskii\UCSB-IZC00035610_L",0.372474634325614
"C:\Users\super\OneDrive\Desktop\Files\Beesearch\Files\tpsdig\Wing Images\Bombus vosnesenskii\UCSB-IZC00035610_R",0.376478111002486
"C:\Users\super\OneDrive\Desktop\Files\Beesearch\Files\tpsdig\Wing Images\Bombus vosnesenskii\UCSB-IZC00036776_L",0.36555365237951
"C:\Users\super\OneDrive\Desktop\Files\Beesearch\Files\tpsdig\Wing Images\Bombus vosnesenskii\UCSB-IZC00036776_R",0.370592230031878
"C:\Users\super\OneDrive\Desktop\Files\Beesearch\Files\tpsdig\Wing Images\Bombus vosnesenskii\UCSB-IZC00037197_L",0.358081937438905
"C:\Users\super\OneDrive\Desktop\Files\Beesearch\Files\tpsdig\Wing Images\Bombus vosnesenskii\UCSB-IZC00037197_R",0.360819106340005
"C:\Users\super\OneDrive\Desktop\Files\Beesearch\Files\tpsdig\Wing Images\Bombus vosnesenskii\UCSB-IZC00039622_L",0.340733673490015
"C:\Users\super\OneDrive\Desktop\Files\Beesearch\Files\tpsdig\Wing Images\Bombus vosnesenskii\UCSB-IZC00039622_R",0.337918882647892
"C:\Users\super\OneDrive\Desktop\Files\Beesearch\Files\tpsdig\Wing Images\Bombus vosnesenskii\UCSB-IZC00041336_L",0.35782634754864
"C:\Users\super\OneDrive\Desktop\Files\Beesearch\Files\tpsdig\Wing Images\Bombus vosnesenskii\UCSB-IZC00041336_R",0.359333854166289
"C:\Users\super\OneDrive\Desktop\Files\Beesearch\Files\tpsdig\Wing Images\Bombus vosnesenskii\UCSB-IZC00042004_L",0.327600934827726
"C:\Users\super\OneDrive\Desktop\Files\Beesearch\Files\tpsdig\Wing Images\Bombus vosnesenskii\UCSB-IZC00042004_R",0.328687830623526
"C:\Users\super\OneDrive\Desktop\Files\Beesearch\Files\tpsdig\Wing Images\Bombus vosnesenskii\UCSB-IZC00042313_L",0.341053674294824
"C:\Users\super\OneDrive\Desktop\Files\Beesearch\Files\tpsdig\Wing Images\Bombus vosnesenskii\UCSB-IZC00042313_R",0.344243460359089
"C:\Users\super\OneDrive\Desktop\Files\Beesearch\Files\tpsdig\Wing Images\Osmia nemoris\UCSB-IZC00009970_L",2.19376310659267
"C:\Users\super\OneDrive\Desktop\Files\Beesearch\Files\tpsdig\Wing Images\Osmia nemoris\UCSB-IZC00009970_R",2.2283808862965
"C:\Users\super\OneDrive\Desktop\Files\Beesearch\Files\tpsdig\Wing Images\Osmia nemoris\UCSB-IZC00036467_L",2.55186474631923
"C:\Users\super\OneDrive\Desktop\Files\Beesearch\Files\tpsdig\Wing Images\Osmia nemoris\UCSB-IZC00036467_R",2.54563577304374
"C:\Users\super\OneDrive\Desktop\Files\Beesearch\Files\tpsdig\Wing Images\Osmia nemoris\UCSB-IZC00043741_L",2.66622426618734
"C:\Users\super\OneDrive\Desktop\Files\Beesearch\Files\tpsdig\Wing Images\Osmia nemoris\UCSB-IZC00043741_R",2.67292421936691
"C:\Users\super\OneDrive\Desktop\Files\Beesearch\Files\tpsdig\Wing Images\Osmia nemoris\UCSB-IZC00046952_L",2.58433291618243
"C:\Users\super\OneDrive\Desktop\Files\Beesearch\Files\tpsdig\Wing Images\Osmia nemoris\UCSB-IZC00046952_R",2.58409777731416
"C:\Users\super\OneDrive\Desktop\Files\Beesearch\Files\tpsdig\Wing Images\Osmia nemoris\UCSB-IZC00046991_L",2.66599537905901
"C:\Users\super\OneDrive\Desktop\Files\Beesearch\Files\tpsdig\Wing Images\Osmia nemoris\UCSB-IZC00046991_R",2.69002071192956
"C:\Users\super\OneDrive\Desktop\Files\Beesearch\Files\tpsdig\Wing Images\Osmia nemoris\UCSB-IZC00047206_L",2.55220448218851
"C:\Users\super\OneDrive\Desktop\Files\Beesearch\Files\tpsdig\Wing Images\Osmia nemoris\UCSB-IZC00047206_R",2.56820607101689
"C:\Users\super\OneDrive\Desktop\Files\Beesearch\Files\tpsdig\Wing Images\Osmia nemoris\UCSB-IZC00047222_R",2.33466517392704
"C:\Users\super\OneDrive\Desktop\Files\Beesearch\Files\tpsdig\Wing Images\Osmia nemoris\UCSB-IZC00047335_L",2.38004804346766
"C:\Users\super\OneDrive\Desktop\Files\Beesearch\Files\tpsdig\Wing Images\Osmia nemoris\UCSB-IZC00047335_R",2.37835973976483
"C:\Users\super\OneDrive\Desktop\Files\Beesearch\Files\tpsdig\Wing Images\Osmia nemoris\UCSB-IZC00047359_L",2.40637047153998
"C:\Users\super\OneDrive\Desktop\Files\Beesearch\Files\tpsdig\Wing Images\Osmia nemoris\UCSB-IZC00047359_R",2.35975223572645
"C:\Users\super\OneDrive\Desktop\Files\Beesearch\Files\tpsdig\Wing Images\Osmia nemoris\UCSB-IZC00047372_L",2.27855612545294
"C:\Users\super\OneDrive\Desktop\Files\Beesearch\Files\tpsdig\Wing Images\Osmia nemoris\UCSB-IZC00047372_R",2.40934519638179
"C:\Users\super\OneDrive\Desktop\Files\Beesearch\Files\tpsdig\Wing Images\Osmia nemoris\UCSB-IZC00047388_L",2.14368522663193
"C:\Users\super\OneDrive\Desktop\Files\Beesearch\Files\tpsdig\Wing Images\Osmia nemoris\UCSB-IZC00047388_R",2.08810288371048
"C:\Users\super\OneDrive\Desktop\Files\Beesearch\Files\tpsdig\Wing Images\Xylocopa tabaniformis orpifex\UCSB-IZC00010266_L",0.388578662219119
"C:\Users\super\OneDrive\Desktop\Files\Beesearch\Files\tpsdig\Wing Images\Xylocopa tabaniformis orpifex\UCSB-IZC00010266_R",0.391361835975354
"C:\Users\super\OneDrive\Desktop\Files\Beesearch\Files\tpsdig\Wing Images\Xylocopa tabaniformis orpifex\UCSB-IZC00010301_L",0.366900005988613
"C:\Users\super\OneDrive\Desktop\Files\Beesearch\Files\tpsdig\Wing Images\Xylocopa tabaniformis orpifex\UCSB-IZC00010301_R",0.362886065835791
"C:\Users\super\OneDrive\Desktop\Files\Beesearch\Files\tpsdig\Wing Images\Xylocopa tabaniformis orpifex\UCSB-IZC00010315_L",0.375572732651228
"C:\Users\super\OneDrive\Desktop\Files\Beesearch\Files\tpsdig\Wing Images\Xylocopa tabaniformis orpifex\UCSB-IZC00010315_R",0.368137463493975
"C:\Users\super\OneDrive\Desktop\Files\Beesearch\Files\tpsdig\Wing Images\Xylocopa tabaniformis orpifex\UCSB-IZC00010896_L",0.365739392874216
"C:\Users\super\OneDrive\Desktop\Files\Beesearch\Files\tpsdig\Wing Images\Xylocopa tabaniformis orpifex\UCSB-IZC00010896_R",0.365979995354937
"C:\Users\super\OneDrive\Desktop\Files\Beesearch\Files\tpsdig\Wing Images\Xylocopa tabaniformis orpifex\UCSB-IZC00012184_L",0.377928653899119
"C:\Users\super\OneDrive\Desktop\Files\Beesearch\Files\tpsdig\Wing Images\Xylocopa tabaniformis orpifex\UCSB-IZC00012184_R",0.378009420250342
"C:\Users\super\OneDrive\Desktop\Files\Beesearch\Files\tpsdig\Wing Images\Xylocopa tabaniformis orpifex\UCSB-IZC00012193_L",0.347419537484581
"C:\Users\super\OneDrive\Desktop\Files\Beesearch\Files\tpsdig\Wing Images\Xylocopa tabaniformis orpifex\UCSB-IZC00012193_R",0.343800109131584
"C:\Users\super\OneDrive\Desktop\Files\Beesearch\Files\tpsdig\Wing Images\Xylocopa tabaniformis orpifex\UCSB-IZC00012195_L",0.368265210344393
"C:\Users\super\OneDrive\Desktop\Files\Beesearch\Files\tpsdig\Wing Images\Xylocopa tabaniformis orpifex\UCSB-IZC00012195_R",0.3665219395131
"C:\Users\super\OneDrive\Desktop\Files\Beesearch\Files\tpsdig\Wing Images\Xylocopa tabaniformis orpifex\UCSB-IZC00012213_L",0.354812406859049
"C:\Users\super\OneDrive\Desktop\Files\Beesearch\Files\tpsdig\Wing Images\Xylocopa tabaniformis orpifex\UCSB-IZC00012213_R",0.351590760559932
"C:\Users\super\OneDrive\Desktop\Files\Beesearch\Files\tpsdig\Wing Images\Xylocopa tabaniformis orpifex\UCSB-IZC00012216_L",0.400078271828012
"C:\Users\super\OneDrive\Desktop\Files\Beesearch\Files\tpsdig\Wing Images\Xylocopa tabaniformis orpifex\UCSB-IZC00012216_R",0.395189928292713
"C:\Users\super\OneDrive\Desktop\Files\Beesearch\Files\tpsdig\Wing Images\Xylocopa tabaniformis orpifex\UCSB-IZC00012219_L",0.386867524768995
"C:\Users\super\OneDrive\Desktop\Files\Beesearch\Files\tpsdig\Wing Images\Xylocopa tabaniformis orpifex\UCSB-IZC00012219_R",0.389662067755011
"C:\Users\super\OneDrive\Desktop\Files\Beesearch\Files\tpsdig\Wing Images\Xylocopa tabaniformis orpifex\UCSB-IZC00012225_L",0.360308623305694
"C:\Users\super\OneDrive\Desktop\Files\Beesearch\Files\tpsdig\Wing Images\Xylocopa tabaniformis orpifex\UCSB-IZC00012225_R",0.358841845418161
"C:\Users\super\OneDrive\Desktop\Files\Beesearch\Files\tpsdig\Wing Images\Xylocopa tabaniformis orpifex\UCSB-IZC00012228_L",0.371069482322531
"C:\Users\super\OneDrive\Desktop\Files\Beesearch\Files\tpsdig\Wing Images\Xylocopa tabaniformis orpifex\UCSB-IZC00012228_R",0.371721024042972
"C:\Users\super\OneDrive\Desktop\Files\Beesearch\Files\tpsdig\Wing Images\Xylocopa tabaniformis orpifex\UCSB-IZC00012232_L",0.364478578726133
"C:\Users\super\OneDrive\Desktop\Files\Beesearch\Files\tpsdig\Wing Images\Xylocopa tabaniformis orpifex\UCSB-IZC00012232_R",0.365367996856746
"C:\Users\super\OneDrive\Desktop\Files\Beesearch\Files\tpsdig\Wing Images\Xylocopa tabaniformis orpifex\UCSB-IZC00012237_L",0.399564240366372
"C:\Users\super\OneDrive\Desktop\Files\Beesearch\Files\tpsdig\Wing Images\Xylocopa tabaniformis orpifex\UCSB-IZC00012237_R",0.395041060904925
"C:\Users\super\OneDrive\Desktop\Files\Beesearch\Files\tpsdig\Wing Images\Xylocopa tabaniformis orpifex\UCSB-IZC00012240_L",0.382080342750637
"C:\Users\super\OneDrive\Desktop\Files\Beesearch\Files\tpsdig\Wing Images\Xylocopa tabaniformis orpifex\UCSB-IZC00012240_R",0.38311670261452
"C:\Users\super\OneDrive\Desktop\Files\Beesearch\Files\tpsdig\Wing Images\Xylocopa tabaniformis orpifex\UCSB-IZC00014665_L",0.39322771481392
"C:\Users\super\OneDrive\Desktop\Files\Beesearch\Files\tpsdig\Wing Images\Xylocopa tabaniformis orpifex\UCSB-IZC00014665_R",0.391783716405989
"C:\Users\super\OneDrive\Desktop\Files\Beesearch\Files\tpsdig\Wing Images\Xylocopa tabaniformis orpifex\UCSB-IZC00014677_L",0.39370893214404
"C:\Users\super\OneDrive\Desktop\Files\Beesearch\Files\tpsdig\Wing Images\Xylocopa tabaniformis orpifex\UCSB-IZC00014677_R",0.390512089761636
"C:\Users\super\OneDrive\Desktop\Files\Beesearch\Files\tpsdig\Wing Images\Xylocopa tabaniformis orpifex\UCSB-IZC00014785_L",0.401181404122873
"C:\Users\super\OneDrive\Desktop\Files\Beesearch\Files\tpsdig\Wing Images\Xylocopa tabaniformis orpifex\UCSB-IZC00014785_R",0.394926030929844
"C:\Users\super\OneDrive\Desktop\Files\Beesearch\Files\tpsdig\Wing Images\Xylocopa tabaniformis orpifex\UCSB-IZC00014787_L",0.379787886631472
"C:\Users\super\OneDrive\Desktop\Files\Beesearch\Files\tpsdig\Wing Images\Xylocopa tabaniformis orpifex\UCSB-IZC00014787_R",0.376764724322753
"C:\Users\super\OneDrive\Desktop\Files\Beesearch\Files\tpsdig\Wing Images\Xylocopa tabaniformis orpifex\UCSB-IZC00014978_L",0.321892752132687
"C:\Users\super\OneDrive\Desktop\Files\Beesearch\Files\tpsdig\Wing Images\Xylocopa tabaniformis orpifex\UCSB-IZC00014978_R",0.319276106059386
"C:\Users\super\OneDrive\Desktop\Files\Beesearch\Files\tpsdig\Wing Images\Xylocopa tabaniformis orpifex\UCSB-IZC00015039_L",0.387590383975145
"C:\Users\super\OneDrive\Desktop\Files\Beesearch\Files\tpsdig\Wing Images\Xylocopa tabaniformis orpifex\UCSB-IZC00015039_R",0.388235778103976
"C:\Users\super\OneDrive\Desktop\Files\Beesearch\Files\tpsdig\Wing Images\Xylocopa tabaniformis orpifex\UCSB-IZC00035452_L",0.370564401487785
"C:\Users\super\OneDrive\Desktop\Files\Beesearch\Files\tpsdig\Wing Images\Xylocopa tabaniformis orpifex\UCSB-IZC00035452_R",0.368207148219586
